{
  "contacts": [
    {
      "id": 19,
      "name": "Cherie",
      "phone": "9854353726"
    },
    {
      "id": 20,
      "name": "Estelle",
      "phone": "8144162879"
    },
    {
      "id": 21,
      "name": "Evans",
      "phone": "8375742388"
    },
    {
      "id": 22,
      "name": "Vincent",
      "phone": "9345182494"
    },
    {
      "id": 23,
      "name": "Gwendolyn",
      "phone": "8025792350"
    },
    {
      "id": 24,
      "name": "Meghan",
      "phone": "9055453765"
    },
    {
      "id": 25,
      "name": "Mcdowell",
      "phone": "9464542794"
    },
    {
      "id": 26,
      "name": "Maricela",
      "phone": "8065402393"
    },
    {
      "id": 27,
      "name": "Tammi",
      "phone": "8364163237"
    },
    {
      "id": 28,
      "name": "Corinne",
      "phone": "9364252054"
    },
    {
      "id": 29,
      "name": "Esmeralda",
      "phone": "8405322559"
    },
    {
      "id": 30,
      "name": "Tucker",
      "phone": "9464422384"
    },
    {
      "id": 31,
      "name": "Leigh",
      "phone": "8674553079"
    },
    {
      "id": 32,
      "name": "Candy",
      "phone": "8604113693"
    },
    {
      "id": 33,
      "name": "Baxter",
      "phone": "8715032267"
    },
    {
      "id": 34,
      "name": "Luna",
      "phone": "9634092668"
    },
    {
      "id": 35,
      "name": "House",
      "phone": "9575573177"
    },
    {
      "id": 36,
      "name": "Schroeder",
      "phone": "9044582663"
    },
    {
      "id": 37,
      "name": "Rebekah",
      "phone": "8824803217"
    },
    {
      "id": 38,
      "name": "Hubbard",
      "phone": "9374972300"
    },
    {
      "id": 39,
      "name": "Kathryn",
      "phone": "9924593228"
    },
    {
      "id": 40,
      "name": "Caroline",
      "phone": "8754942317"
    },
    {
      "id": 41,
      "name": "Katelyn",
      "phone": "8714092835"
    },
    {
      "id": 42,
      "name": "Maria",
      "phone": "9474043611"
    },
    {
      "id": 43,
      "name": "Lois",
      "phone": "8585062984"
    },
    {
      "id": 44,
      "name": "Haley",
      "phone": "8375913008"
    },
    {
      "id": 45,
      "name": "Sophie",
      "phone": "8134382506"
    },
    {
      "id": 46,
      "name": "Robbie",
      "phone": "8126003078"
    },
    {
      "id": 47,
      "name": "Margarita",
      "phone": "9494703486"
    },
    {
      "id": 48,
      "name": "Dee",
      "phone": "9485082054"
    },
    {
      "id": 49,
      "name": "Elisa",
      "phone": "8424083040"
    },
    {
      "id": 50,
      "name": "Morse",
      "phone": "8404512133"
    },
    {
      "id": 51,
      "name": "Curtis",
      "phone": "8524992882"
    },
    {
      "id": 53,
      "name": "Avila",
      "phone": "9374142343"
    },
    {
      "id": 54,
      "name": "userrtrt",
      "phone": "213433434"
    },
	 {
      "id": 55,
      "name": "Shilpa Bhat",
      "phone": "9999999999"
    },
    {
      "id": 57,
      "name": "user",
      "phone": "4545455"
    }
  ]
}